customer_id,CustomerID,country_id
1,17850,37
2,13047,37
3,12583,14
4,13748,37
5,15100,37
6,15291,37
7,14688,37
8,17809,37
9,15311,37
10,14527,37
11,16098,37
12,18074,37
13,17420,37
14,16029,37
15,16250,37
16,12431,1
17,17511,37
18,17548,37
19,13705,37
20,13747,37
21,13408,37
22,13767,37
23,17924,37
24,13448,37
25,15862,37
26,15513,37
27,12791,25
28,16218,37
29,14045,37
30,14307,37
31,17908,37
32,17920,37
33,12838,37
34,13255,37
35,16583,37
36,18085,37
37,13758,37
38,13694,37
39,15983,37
40,14849,37
41,17968,37
42,16210,37
43,17897,37
44,17377,37
45,16552,37
46,17181,37
47,17951,37
48,14729,37
49,12748,37
50,15012,37
51,12868,37
52,17572,37
53,14078,37
54,14001,37
55,12662,15
56,15525,37
57,14237,37
58,17905,37
59,15485,37
60,12433,26
61,16955,37
62,15350,37
63,15605,37
64,18144,37
65,15922,37
66,14594,37
67,15165,37
68,14911,11
69,16456,37
70,17841,37
71,12472,15
72,17346,37
73,17643,37
74,17873,37
75,13093,37
76,12921,37
77,13468,37
78,17760,37
79,16928,37
80,16048,37
81,16274,37
82,14496,37
83,14696,37
84,16539,37
85,17025,37
86,13777,37
87,17690,37
88,12947,37
89,17460,37
90,18229,37
91,14142,37
92,17069,37
93,13065,37
94,14606,37
95,16835,37
96,15235,37
97,13576,37
98,18011,37
99,13090,37
100,15694,37
101,14741,37
102,13715,37
103,14092,37
104,17732,37
105,12855,37
106,15752,37
107,17855,37
108,14047,37
109,17925,37
110,13941,37
111,17017,37
112,14135,37
113,13108,37
114,12471,15
115,15601,37
116,13418,37
117,14766,37
118,15658,37
119,14388,37
120,14901,37
121,18041,37
122,15955,37
123,15070,37
124,16244,37
125,15111,37
126,14390,37
127,16546,37
128,15260,37
129,13305,37
130,14491,37
131,14060,37
132,15923,37
133,16752,37
134,17287,37
135,15363,37
136,12915,37
137,15544,37
138,15738,37
139,16042,37
140,17381,37
141,15827,37
142,14180,37
143,13117,37
144,16916,37
145,17964,37
146,14466,37
147,17235,37
148,16510,37
149,17802,37
150,15107,37
151,17976,37
152,14449,37
153,15838,37
154,16781,37
155,17547,37
156,13491,37
157,16186,37
158,17685,37
159,17581,37
160,15732,37
161,13138,37
162,15823,37
163,17567,37
164,15061,37
165,16203,37
166,15640,37
167,15574,37
168,16770,37
169,17838,37
170,17228,37
171,14829,37
172,17412,37
173,14031,37
174,14775,37
175,12971,37
176,15834,37
177,17659,37
178,15299,37
179,15646,37
180,13958,37
181,14443,37
182,14156,11
183,16995,37
184,13402,37
185,18168,37
186,17757,37
187,14625,37
188,13011,37
189,13798,37
190,15384,37
191,14264,37
192,13295,37
193,16754,37
194,16634,37
195,18239,37
196,14576,37
197,13145,37
198,14395,37
199,14865,37
200,15093,37
201,12738,15
202,16150,37
203,17552,37
204,14236,37
205,17961,37
206,14573,37
207,17135,37
208,17396,37
209,14213,37
210,12967,37
211,12686,14
212,14679,37
213,15240,37
214,18225,37
215,13370,37
216,16883,37
217,13520,34
218,12841,37
219,16905,37
220,12427,15
221,17967,37
222,16891,37
223,14589,37
224,14680,37
225,17884,37
226,12557,32
227,14083,37
228,13013,37
229,14210,37
230,16477,37
231,12600,15
232,16013,37
233,17949,37
234,12779,27
235,16926,37
236,17787,37
237,12682,14
238,14723,37
239,17954,37
240,17819,37
241,12712,15
242,15373,37
243,16140,37
244,17198,37
245,17238,37
246,12793,28
247,15769,37
248,14396,37
249,14898,37
250,12725,20
251,16725,37
252,12395,4
253,16455,37
254,13081,37
255,15545,37
256,17243,37
257,15465,37
258,15708,37
259,13089,37
260,16033,37
261,13838,37
262,15351,37
263,18055,37
264,15038,37
265,18109,37
266,13069,37
267,16241,37
268,14800,37
269,16839,37
270,16168,37
271,16931,37
272,16814,37
273,13269,37
274,14813,37
275,12567,14
276,17062,37
277,15332,23
278,14810,37
279,16353,37
280,18118,37
281,13831,37
282,13506,37
283,17796,37
284,15716,37
285,18156,37
286,15221,37
287,16983,37
288,17059,37
289,16327,37
290,17211,37
291,17026,37
292,15570,37
293,15880,37
294,16718,37
295,15808,37
296,17858,37
297,16393,37
298,14161,37
299,17863,37
300,16411,37
301,16402,37
302,15023,37
303,17402,37
304,15426,37
305,12647,15
306,15894,37
307,15867,37
308,14506,37
309,15555,37
310,13034,37
311,15889,37
312,15953,37
313,16143,37
314,12720,15
315,16422,37
316,12747,37
317,15502,37
318,12763,21
319,14081,37
320,17965,37
321,14404,37
322,13579,37
323,13174,37
324,15987,37
325,17677,37
326,13652,37
327,12586,20
328,17428,37
329,16161,37
330,16858,37
331,18219,37
332,14293,37
333,14748,37
334,16638,37
335,17674,37
336,12808,28
337,13094,37
338,15899,37
339,12708,15
340,15898,37
341,17691,37
342,17227,37
343,15039,37
344,15919,37
345,13497,37
346,15860,37
347,14189,37
348,15304,37
349,14867,37
350,14344,37
351,12474,15
352,16719,37
353,15048,37
354,15301,37
355,14708,37
356,16898,37
357,14825,37
358,18113,37
359,17596,37
360,15078,37
361,14085,37
362,17860,37
363,13155,37
364,15028,37
365,16919,37
366,17259,37
367,17019,37
368,14487,37
369,16722,37
370,15882,37
371,14667,37
372,16710,37
373,16550,37
374,15984,37
375,17682,37
376,16658,37
377,17068,37
378,15356,37
379,17223,37
380,16817,37
381,13030,37
382,17191,37
383,15194,37
384,14409,37
385,16654,37
386,16861,37
387,16138,37
388,13481,37
389,13495,37
390,17519,37
391,17218,37
392,17812,37
393,14215,37
394,15602,37
395,17320,37
396,16782,37
397,12913,37
398,17869,37
399,13564,37
400,14850,37
401,15021,37
402,13963,37
403,17450,37
404,17091,37
405,17470,37
406,17616,37
407,15649,37
408,12681,14
409,14907,37
410,17735,37
411,16059,37
412,17720,37
413,15018,37
414,14733,37
415,13756,37
416,14176,37
417,13319,37
418,15353,37
419,18119,37
420,17491,37
421,14282,37
422,13569,37
423,15498,37
424,14673,37
425,13488,37
426,16221,37
427,15002,37
428,15965,37
429,15024,37
430,17675,37
431,13769,37
432,16904,37
433,16086,37
434,13786,37
435,13880,37
436,13173,37
437,15858,37
438,15180,37
439,12347,18
440,14739,37
441,16293,37
442,17419,37
443,16775,37
444,16306,37
445,16950,37
446,17591,37
447,12839,37
448,13807,37
449,16125,37
450,15081,37
451,18102,37
452,16365,37
453,17870,37
454,14821,37
455,16863,37
456,13078,37
457,13267,37
458,13050,37
459,12709,15
460,15628,37
461,12386,1
462,14796,37
463,16779,37
464,13599,37
465,13329,37
466,18077,37
467,14744,37
468,17406,37
469,15750,37
470,13983,37
471,13842,37
472,12441,14
473,13199,37
474,14032,37
475,17706,37
476,16081,37
477,16525,37
478,14952,37
479,17975,37
480,16122,37
481,13126,37
482,15973,37
483,16558,37
484,16713,37
485,16893,37
486,15529,37
487,18043,37
488,16016,37
489,17722,37
490,17324,37
491,17341,37
492,14051,37
493,15916,37
494,16233,37
495,16385,37
496,15032,37
497,17213,37
498,18061,37
499,13113,37
500,16553,37
501,13455,37
502,14217,37
503,17262,37
504,14299,37
505,18259,37
506,17676,37
507,16679,37
508,18269,37
509,12766,28
510,15298,37
511,18193,37
512,13523,37
513,12870,37
514,15005,37
515,15581,37
516,15680,37
517,13649,37
518,17894,37
519,13270,37
520,14618,37
521,14866,37
522,13077,37
523,13115,37
524,13531,37
525,13848,37
526,13140,37
527,15713,37
528,17999,37
529,15347,37
530,17340,37
531,13984,37
532,15996,37
533,14030,37
534,16252,37
535,16596,37
536,16700,37
537,16011,37
538,17655,37
539,16717,37
540,14243,37
541,12963,37
542,15079,37
543,14437,37
544,12942,37
545,15660,37
546,18092,37
547,15358,37
548,12481,15
549,12721,14
550,12621,15
551,18071,37
552,12683,14
553,12755,21
554,13854,37
555,12797,28
556,13369,37
557,12494,14
558,17857,37
559,17411,37
560,14932,7
561,12429,10
562,14987,37
563,14355,37
564,17526,37
565,14896,37
566,14440,37
567,13240,37
568,14479,37
569,16065,37
570,17430,37
571,16520,37
572,15945,37
573,15181,37
574,15856,37
575,13102,37
576,14205,37
577,17702,37
578,15271,37
579,13982,37
580,15288,37
581,17978,37
582,16795,37
583,16519,37
584,17816,37
585,13021,37
586,16255,37
587,17671,37
588,17646,37
589,12649,15
590,16350,37
591,12872,37
592,17339,37
593,18230,37
594,16499,37
595,17097,32
596,15192,37
597,14441,37
598,15279,37
599,16579,37
600,15380,37
601,17442,37
602,17950,37
603,12826,37
604,17456,37
605,17307,37
606,15811,37
607,13327,37
608,17700,37
609,13136,37
610,15535,37
611,12605,15
612,15329,37
613,15211,37
614,15596,37
615,16163,37
616,16907,37
617,17576,37
618,14713,37
619,14702,37
620,13230,37
621,13969,37
622,17530,37
623,15805,37
624,17696,37
625,17076,37
626,17827,37
627,16265,37
628,17880,37
629,13000,37
630,17790,37
631,12731,14
632,14419,37
633,14082,37
634,17912,37
635,15723,37
636,16656,37
637,14037,37
638,14256,37
639,14543,37
640,16062,37
641,18116,37
642,16019,37
643,18178,37
644,18065,37
645,13148,37
646,12989,37
647,14107,37
648,15881,37
649,12785,28
650,16727,37
651,15514,37
652,13787,37
653,17865,37
654,17220,37
655,16565,37
656,16873,37
657,14062,37
658,15179,37
659,18016,37
660,14448,37
661,15503,37
662,17251,37
663,16923,37
664,14159,37
665,17126,37
666,15224,37
667,14577,37
668,12753,21
669,17236,37
670,17372,37
671,16367,37
672,12875,37
673,17917,37
674,16010,37
675,17085,37
676,13668,37
677,14684,37
678,17188,37
679,15547,37
680,15998,37
681,14413,37
682,18004,37
683,13959,37
684,16665,37
685,15454,37
686,15044,37
687,17937,37
688,14608,37
689,17618,37
690,14505,37
691,18037,37
692,13198,37
693,12540,32
694,13225,37
695,15361,37
696,15689,37
697,14290,37
698,13209,37
699,13999,37
700,14498,37
701,15854,37
702,16701,37
703,16927,37
704,17990,37
705,14544,37
706,17338,37
707,17231,37
708,17799,37
709,14565,37
710,16726,37
711,17303,37
712,14639,37
713,17611,37
714,17179,37
715,17524,37
716,12476,15
717,17293,37
718,17890,37
719,17375,37
720,17371,37
721,17969,37
722,15159,37
723,13211,37
724,15777,37
725,14525,37
726,13324,37
727,13802,37
728,13948,37
729,13008,37
730,14206,37
731,16202,37
732,16442,37
733,18075,37
734,15468,37
735,16570,37
736,14524,37
737,18141,37
738,12434,1
739,16810,37
740,14961,37
741,17041,37
742,16458,37
743,16083,37
744,16262,37
745,17194,37
746,14057,37
747,14871,37
748,13178,37
749,18044,37
750,16812,37
751,16191,37
752,12370,8
753,14298,37
754,17158,37
755,14415,37
756,16899,37
757,16531,37
758,17404,33
759,16556,37
760,16805,37
761,16503,37
762,17739,37
763,13238,37
764,12829,37
765,13097,37
766,12867,37
767,15392,37
768,13846,37
769,14401,37
770,16145,37
771,17629,37
772,14150,37
773,13496,37
774,13611,37
775,16954,37
776,17454,37
777,17449,37
778,17230,37
779,12865,2
780,15950,37
781,15512,37
782,17525,37
783,13458,37
784,14426,37
785,16003,37
786,13092,37
787,13426,37
788,15101,37
789,17033,37
790,13221,37
791,14201,37
792,17692,37
793,15822,37
794,16134,37
795,17551,37
796,18050,37
797,14913,37
798,12666,19
799,15641,37
800,13124,37
801,17214,37
802,15456,37
803,15062,37
804,12928,37
805,15727,37
806,17980,37
807,15290,37
808,17752,37
809,15615,37
810,12577,14
811,17044,37
812,13829,37
813,17633,37
814,13266,37
815,17820,37
816,15664,37
817,17189,37
818,17496,37
819,16607,37
820,13317,37
821,13890,37
822,17001,37
823,15246,37
824,16996,37
825,15482,37
826,16037,37
827,14841,37
828,16670,37
829,16985,37
830,16705,37
831,16470,37
832,14414,37
833,15563,37
834,12980,37
835,16746,37
836,14878,37
837,16743,37
838,17146,37
839,12877,37
840,15394,37
841,14621,37
842,15379,37
843,14309,37
844,17288,37
845,14709,37
846,15157,37
847,17744,37
848,16316,37
849,15620,37
850,15789,37
851,16560,37
852,13534,37
853,17580,37
854,14777,37
855,15759,37
856,14373,37
857,18176,37
858,15366,37
859,14735,37
860,16271,37
861,18223,37
862,15532,37
863,16816,37
864,16684,37
865,14334,37
866,16945,37
867,14643,37
868,15197,37
869,14220,37
870,13874,37
871,18260,37
872,17848,37
873,17392,37
874,12348,13
875,14985,37
876,13004,37
877,14560,37
878,12370,2
879,12931,37
880,13627,37
881,12551,32
882,12782,28
883,14769,37
884,15780,37
885,12417,4
886,17315,37
887,16711,37
888,12726,14
889,15204,37
890,17888,37
891,17007,37
892,15160,37
893,14016,11
894,13033,37
895,12691,14
896,13869,37
897,14146,37
898,12705,15
899,16885,37
900,17913,37
901,12668,15
902,14472,37
903,17358,37
904,16686,37
905,18245,37
906,17343,37
907,18256,37
908,16153,37
909,12377,34
910,14646,25
911,12944,37
912,15312,37
913,14099,37
914,14113,37
915,13104,37
916,17204,37
917,13027,37
918,17621,37
919,17090,37
920,14119,37
921,15527,37
922,18097,37
923,15460,37
924,15034,37
925,12423,4
926,12678,14
927,15208,37
928,17306,37
929,14737,37
930,13029,37
931,16270,37
932,13487,37
933,12515,20
934,17400,37
935,17593,37
936,13953,37
937,14533,37
938,12734,14
939,14944,37
940,17239,37
941,14532,37
942,12383,4
943,15562,37
944,15587,37
945,13922,37
946,13817,15
947,12585,15
948,13165,37
949,13304,37
950,13313,37
951,16875,37
952,16282,37
953,12957,37
954,14462,37
955,13397,37
956,13680,37
957,12483,33
958,15164,37
959,17457,37
960,14732,37
961,14221,37
962,14553,37
963,13253,37
964,17389,37
965,12578,20
966,15841,37
967,16112,37
968,13629,37
969,16600,37
970,15661,37
971,16532,37
972,15266,37
973,14653,37
974,16771,37
975,17585,37
976,15046,37
977,13082,37
978,15464,37
979,18226,37
980,18062,37
981,12415,1
982,12503,32
983,17368,37
984,14258,37
985,15719,37
986,13368,37
987,17634,37
988,16676,37
989,16424,37
990,18283,37
991,12735,14
992,13764,37
993,13656,37
994,12413,14
995,14312,37
996,13280,37
997,15845,37
998,16094,37
999,13187,37
1000,16567,37
1001,14828,37
1002,12530,15
1003,16551,37
1004,16889,37
1005,16473,37
1006,13750,37
1007,12501,15
1008,15607,37
1009,15139,37
1010,12489,14
1011,17707,37
1012,18198,37
1013,12484,32
1014,18179,37
1015,17284,37
1016,13233,37
1017,14889,37
1018,12480,15
1019,14672,37
1020,13593,37
1021,13162,37
1022,13183,37
1023,17095,37
1024,12939,37
1025,15611,37
1026,17114,37
1027,15059,37
1028,16326,37
1029,17128,37
1030,14761,37
1031,17555,37
1032,12651,14
1033,16735,37
1034,16833,37
1035,17800,37
1036,16748,37
1037,14755,37
1038,16549,37
1039,13565,37
1040,15799,37
1041,18032,37
1042,13451,37
1043,14794,37
1044,12539,32
1045,12500,15
1046,18171,37
1047,16279,37
1048,12524,15
1049,17811,37
1050,16850,37
1051,14321,37
1052,15326,37
1053,17849,37
1054,13672,37
1055,14229,37
1056,13107,37
1057,16497,37
1058,16303,37
1059,15281,37
1060,12736,14
1061,13473,37
1062,14320,37
1063,12393,1
1064,17742,37
1065,16351,37
1066,12601,15
1067,13144,37
1068,15346,37
1069,15370,37
1070,12643,14
1071,14295,37
1072,16034,37
1073,17365,37
1074,15189,37
1075,14669,37
1076,18095,37
1077,15518,37
1078,15749,37
1079,14209,37
1080,15569,37
1081,12728,14
1082,17569,37
1083,13784,37
1084,12724,14
1085,13862,37
1086,16791,37
1087,16235,37
1088,14270,37
1089,12665,15
1090,12523,14
1091,16655,37
1092,16359,37
1093,16554,37
1094,12359,8
1095,15939,37
1096,14587,37
1097,14715,37
1098,14185,37
1099,12437,14
1100,14040,37
1101,12652,14
1102,14514,37
1103,15171,37
1104,14167,37
1105,17048,37
1106,17364,37
1107,13284,37
1108,16500,37
1109,12951,37
1110,15835,37
1111,18190,37
1112,13993,37
1113,14114,37
1114,15447,37
1115,16315,37
1116,14978,37
1117,16395,37
1118,15510,37
1119,13614,37
1120,13246,37
1121,15687,37
1122,16493,37
1123,12490,14
1124,12672,14
1125,13385,37
1126,15626,37
1127,12553,14
1128,15213,37
1129,14175,37
1130,18106,37
1131,15033,37
1132,14329,37
1133,16401,37
1134,16206,37
1135,13782,37
1136,12924,37
1137,16593,37
1138,13700,37
1139,13064,37
1140,13048,37
1141,18069,37
1142,13634,37
1143,16843,37
1144,17064,37
1145,17609,37
1146,15673,37
1147,12626,15
1148,14976,37
1149,12388,1
1150,13527,37
1151,15696,37
1152,15316,37
1153,12673,15
1154,15296,37
1155,17988,37
1156,12820,37
1157,13001,37
1158,14101,37
1159,14238,37
1160,17730,37
1161,13929,37
1162,14657,37
1163,13859,37
1164,18212,37
1165,14292,37
1166,13883,37
1167,18233,37
1168,17018,37
1169,14242,37
1170,12356,28
1171,12346,37
1172,13898,37
1173,16948,37
1174,16997,37
1175,12527,15
1176,15395,37
1177,12510,32
1178,13693,37
1179,13263,37
1180,14428,37
1181,12451,34
1182,12422,1
1183,17708,37
1184,14090,37
1185,15606,37
1186,15831,37
1187,13310,37
1188,14916,37
1189,17602,37
1190,14572,37
1191,13502,37
1192,14784,37
1193,15938,37
1194,12637,14
1195,17418,37
1196,14779,37
1197,16321,1
1198,15262,37
1199,17862,37
1200,16892,37
1201,12402,4
1202,17771,37
1203,15422,37
1204,14770,37
1205,16912,37
1206,15174,37
1207,14895,37
1208,12594,20
1209,17504,37
1210,16387,37
1211,12664,13
1212,16618,37
1213,17277,37
1214,14088,37
1215,17094,37
1216,14692,37
1217,12970,37
1218,17889,37
1219,17644,37
1220,17714,37
1221,12916,37
1222,17769,37
1223,14450,37
1224,16085,37
1225,13659,37
1226,15167,37
1227,15443,37
1228,14224,37
1229,13742,37
1230,17673,37
1231,12727,14
1232,14068,37
1233,13068,37
1234,14368,37
1235,15497,37
1236,12559,15
1237,13819,37
1238,14501,37
1239,14782,37
1240,17861,37
1241,14439,16
1242,18161,37
1243,15820,37
1244,18136,37
1245,16660,37
1246,12693,15
1247,12625,15
1248,13396,37
1249,12935,37
1250,16730,37
1251,14541,37
1252,13551,37
1253,12421,32
1254,15797,37
1255,15052,37
1256,14130,37
1257,15222,37
1258,13615,37
1259,13901,37
1260,13158,37
1261,14257,37
1262,15218,37
1263,15110,37
1264,14534,37
1265,15967,37
1266,16757,37
1267,12854,37
1268,13815,15
1269,18008,37
1270,18277,37
1271,14389,37
1272,13703,37
1273,15339,37
1274,12744,31
1275,16222,37
1276,14341,37
1277,13168,37
1278,16943,37
1279,17515,37
1280,17082,37
1281,14248,37
1282,12609,15
1283,13002,37
1284,16133,37
1285,13049,37
1286,14548,37
1287,13405,37
1288,14049,37
1289,16043,37
1290,15812,37
1291,13837,37
1292,17118,37
1293,14616,37
1294,14233,37
1295,17075,37
1296,16714,37
1297,13098,37
1298,17027,37
1299,12591,20
1300,17786,37
1301,16124,37
1302,16409,37
1303,13754,37
1304,15227,37
1305,12997,37
1306,15215,37
1307,16918,37
1308,16882,37
1309,14442,7
1310,16496,37
1311,12764,22
1312,17311,37
1313,15910,37
1314,16949,37
1315,14970,37
1316,14701,37
1317,12645,15
1318,12468,15
1319,16767,37
1320,14738,37
1321,17540,37
1322,14239,37
1323,18125,37
1324,13328,37
1325,15549,37
1326,15864,37
1327,14662,37
1328,17180,37
1329,15057,37
1330,12574,14
1331,13330,37
1332,13552,37
1333,12853,37
1334,13538,37
1335,16755,37
1336,14133,37
1337,16523,37
1338,14659,37
1339,13141,37
1340,15365,37
1341,13707,37
1342,13709,37
1343,17329,37
1344,14805,37
1345,16897,37
1346,15579,37
1347,14595,37
1348,13161,37
1349,15415,37
1350,17431,37
1351,17463,37
1352,14502,37
1353,12528,15
1354,15448,37
1355,17314,37
1356,17373,37
1357,18145,37
1358,14467,37
1359,12908,37
1360,15144,37
1361,14776,37
1362,16403,37
1363,16407,37
1364,17619,37
1365,12778,25
1366,17256,37
1367,17604,37
1368,14006,37
1369,13600,37
1370,15058,37
1371,17147,37
1372,13881,37
1373,16612,37
1374,14627,37
1375,17356,37
1376,12477,15
1377,12836,37
1378,13939,37
1379,16745,37
1380,13606,37
1381,13494,37
1382,12929,37
1383,16419,37
1384,17035,37
1385,15203,37
1386,16515,37
1387,12373,2
1388,18202,37
1389,12775,25
1390,14549,37
1391,15981,37
1392,16110,37
1393,17376,37
1394,13110,37
1395,16716,37
1396,12676,33
1397,15940,37
1398,15971,37
1399,14665,37
1400,14457,37
1401,15589,37
1402,14411,37
1403,17560,37
1404,15226,37
1405,14460,37
1406,16156,37
1407,13728,37
1408,14127,37
1409,16378,37
1410,13894,37
1411,13824,37
1412,18250,37
1413,15270,37
1414,14188,37
1415,18017,37
1416,15421,37
1417,17446,37
1418,12414,2
1419,14798,37
1420,12990,37
1421,12350,26
1422,16992,37
1423,17337,37
1424,16405,37
1425,17071,37
1426,13873,37
1427,17362,37
1428,13394,37
1429,12502,32
1430,16333,37
1431,16030,37
1432,14044,37
1433,13800,37
1434,17672,37
1435,12464,4
1436,13581,37
1437,14540,37
1438,13539,37
1439,15885,37
1440,14497,37
1441,17507,37
1442,13208,37
1443,17334,37
1444,13871,37
1445,16938,37
1446,12754,21
1447,12410,34
1448,17929,37
1449,14778,37
1450,17517,37
1451,17226,37
1452,13137,37
1453,13725,37
1454,13309,37
1455,12842,37
1456,16109,37
1457,17291,37
1458,15090,37
1459,15199,37
1460,13911,37
1461,14194,37
1462,14842,37
1463,13584,37
1464,17105,37
1465,14438,37
1466,12956,37
1467,15781,37
1468,14410,37
1469,14600,37
1470,17302,37
1471,17613,37
1472,13334,37
1473,13955,37
1474,17162,37
1475,17774,37
1476,13809,8
1477,15407,37
1478,15577,37
1479,16332,37
1480,14048,37
1481,14475,37
1482,17859,37
1483,12576,27
1484,15753,37
1485,12599,14
1486,14562,37
1487,16951,37
1488,16998,37
1489,13133,37
1490,17881,37
1491,15843,37
1492,17083,37
1493,15970,37
1494,13590,37
1495,17537,37
1496,12401,4
1497,12462,32
1498,17843,37
1499,13706,37
1500,17940,37
1501,17686,37
1502,14431,37
1503,15809,37
1504,12561,15
1505,14465,37
1506,18093,37
1507,16027,37
1508,12857,37
1509,16425,37
1510,16842,37
1511,15796,37
1512,14555,37
1513,15114,37
1514,15133,37
1515,17705,37
1516,18087,37
1517,12897,37
1518,17512,37
1519,15550,37
1520,14676,37
1521,12505,20
1522,18159,37
1523,14304,37
1524,15638,37
1525,12943,37
1526,13875,37
1527,15406,37
1528,18084,37
1529,17282,37
1530,16434,37
1531,17050,37
1532,13171,37
1533,17472,37
1534,17255,37
1535,16084,37
1536,17667,37
1537,12507,32
1538,14631,37
1539,13381,37
1540,15236,37
1541,13475,37
1542,17829,36
1543,13717,37
1544,13157,37
1545,14644,37
1546,12993,37
1547,17571,37
1548,16979,37
1549,16738,37
1550,15122,37
1551,17612,37
1552,17348,37
1553,13893,37
1554,14035,37
1555,13623,37
1556,14346,37
1557,16431,37
1558,12616,14
1559,16317,37
1560,14935,7
1561,16073,37
1562,14477,37
1563,14760,37
1564,14897,37
1565,15810,37
1566,16509,37
1567,14386,37
1568,12455,8
1569,14530,37
1570,15670,37
1571,12653,19
1572,16126,37
1573,14609,37
1574,13414,37
1575,12823,37
1576,12352,26
1577,12372,10
1578,16494,37
1579,14959,37
1580,16148,37
1581,17422,37
1582,17175,37
1583,18257,37
1584,12431,4
1585,12362,4
1586,13018,37
1587,13718,37
1588,15382,37
1589,14754,37
1590,13151,37
1591,12654,15
1592,13085,37
1593,15903,37
1594,15785,37
1595,18138,37
1596,14379,37
1597,14211,37
1598,14371,37
1599,13425,37
1600,12852,37
1601,15228,37
1602,13012,37
1603,16182,37
1604,13489,37
1605,12714,14
1606,13904,37
1607,15755,37
1608,13932,37
1609,13799,37
1610,13951,37
1611,16765,37
1612,18172,37
1613,16566,37
1614,12891,37
1615,16466,37
1616,16115,37
1617,14162,37
1618,13301,37
1619,14803,37
1620,13744,37
1621,12988,37
1622,17323,37
1623,12707,14
1624,18094,37
1625,15129,37
1626,17361,37
1627,18155,37
1628,15321,37
1629,13477,37
1630,15065,37
1631,16980,37
1632,15146,37
1633,12365,8
1634,13410,37
1635,13044,37
1636,16441,37
1637,16014,37
1638,14520,37
1639,17994,37
1640,13038,37
1641,17002,37
1642,15722,37
1643,16349,37
1644,16913,37
1645,18114,37
1646,15303,37
1647,12845,37
1648,18188,37
1649,16045,37
1650,16573,37
1651,13421,37
1652,18196,37
1653,13285,37
1654,13184,37
1655,18151,37
1656,13804,37
1657,17499,37
1658,15397,37
1659,14276,37
1660,13453,37
1661,16394,37
1662,17711,37
1663,13865,37
1664,16940,37
1665,14289,37
1666,16208,37
1667,17063,37
1668,13149,37
1669,18068,37
1670,15932,37
1671,16692,37
1672,15590,37
1673,17171,37
1674,18231,37
1675,14004,37
1676,17139,37
1677,14513,37
1678,13118,37
1679,15974,37
1680,17830,37
1681,12565,30
1682,12582,13
1683,14231,37
1684,17867,37
1685,14880,37
1686,15121,37
1687,17117,37
1688,12945,37
1689,18056,37
1690,16072,37
1691,16838,37
1692,15543,37
1693,13751,37
1694,15847,37
1695,13851,37
1696,13501,34
1697,12633,15
1698,13345,37
1699,13870,37
1700,17034,37
1701,16592,37
1702,15712,37
1703,13362,37
1704,14470,37
1705,17388,37
1706,16841,37
1707,13753,37
1708,13666,37
1709,12361,4
1710,14481,37
1711,13792,37
1712,17663,37
1713,13973,37
1714,15990,37
1715,13493,34
1716,13684,37
1717,13261,37
1718,16598,37
1719,14147,37
1720,15951,37
1721,13971,37
1722,17516,37
1723,13630,37
1724,14157,37
1725,13636,37
1726,13610,37
1727,14745,37
1728,12781,9
1729,14036,37
1730,16057,37
1731,15724,37
1732,12458,34
1733,12598,14
1734,13675,37
1735,14227,37
1736,16668,37
1737,16667,37
1738,13509,37
1739,15874,37
1740,16187,37
1741,16339,37
1742,12509,14
1743,14046,37
1744,13292,37
1745,16427,37
1746,14056,37
1747,15656,37
1748,12811,28
1749,16518,37
1750,17165,37
1751,17462,37
1752,14620,37
1753,14740,37
1754,16462,37
1755,12428,13
1756,16078,37
1757,16915,37
1758,15676,37
1759,15709,37
1760,15241,37
1761,12933,37
1762,15092,37
1763,12679,14
1764,15319,37
1765,16212,37
1766,15257,37
1767,14656,37
1768,13884,37
1769,12866,4
1770,13166,37
1771,16389,37
1772,15416,37
1773,15733,37
1774,16678,37
1775,12834,37
1776,13722,37
1777,14934,7
1778,15067,37
1779,16128,37
1780,17770,37
1781,15622,37
1782,14473,37
1783,15104,37
1784,15643,37
1785,16792,37
1786,15031,37
1787,15636,37
1788,12873,37
1789,17923,37
1790,16217,37
1791,17738,37
1792,17426,37
1793,16957,37
1794,16571,37
1795,14483,37
1796,15087,37
1797,16709,37
1798,17856,37
1799,15053,37
1800,18218,37
1801,16159,37
1802,17995,37
1803,17374,37
1804,17789,37
1805,17416,37
1806,17652,37
1807,13476,37
1808,12817,2
1809,15393,37
1810,13014,37
1811,17508,16
1812,13931,37
1813,12541,32
1814,13382,37
1815,15220,37
1816,14570,37
1817,14447,37
1818,13557,37
1819,16449,37
1820,12547,32
1821,17325,37
1822,14995,37
1823,16414,37
1824,15681,37
1825,14670,37
1826,15675,37
1827,12584,20
1828,17535,37
1829,15400,37
1830,14903,37
1831,14499,37
1832,18211,37
1833,14504,37
1834,15572,37
1835,17107,37
1836,14247,37
1837,15554,37
1838,14915,37
1839,16136,37
1840,18280,37
1841,12614,15
1842,13344,37
1843,16621,37
1844,16225,37
1845,14214,37
1846,14012,37
1847,16356,37
1848,17654,37
1849,15026,37
1850,16517,37
1851,14817,37
1852,17092,37
1853,16242,37
1854,15869,37
1855,17817,37
1856,15234,37
1857,15764,37
1858,15806,37
1859,15819,37
1860,14586,37
1861,15944,37
1862,13340,37
1863,16917,37
1864,14407,37
1865,13908,37
1866,12758,28
1867,13975,37
1868,14730,37
1869,12623,15
1870,14367,37
1871,13373,37
1872,16712,37
1873,17639,37
1874,16426,37
1875,16495,37
1876,14336,37
1877,14507,37
1878,12759,25
1879,17049,37
1880,15206,37
1881,14013,37
1882,14645,37
1883,15071,37
1884,14112,37
1885,13026,37
1886,12881,37
1887,17864,37
1888,14936,7
1889,17138,37
1890,16572,37
1891,14165,37
1892,15367,37
1893,14291,37
1894,15632,37
1895,14297,37
1896,13899,37
1897,16471,37
1898,18183,37
1899,14603,37
1900,18173,37
1901,14854,37
1902,16625,37
1903,14064,37
1904,15308,37
1905,18086,37
1906,14350,37
1907,14930,7
1908,16080,37
1909,14727,37
1910,16778,37
1911,14077,37
1912,16808,37
1913,16475,37
1914,13265,37
1915,12520,15
1916,15049,37
1917,18149,37
1918,13654,37
1919,16652,37
1920,16766,37
1921,16801,37
1922,17164,37
1923,13226,37
1924,13043,37
1925,14352,37
1926,17351,37
1927,16768,37
1928,16693,37
1929,13956,37
1930,13708,37
1931,15918,37
1932,15671,37
1933,14962,37
1934,16807,37
1935,15125,37
1936,16871,37
1937,12901,37
1938,13452,37
1939,15493,37
1940,16005,37
1941,15388,6
1942,16804,37
1943,13499,37
1944,15047,37
1945,14193,37
1946,17542,37
1947,17080,37
1948,16392,37
1949,15106,37
1950,16214,37
1951,13716,37
1952,15150,37
1953,16061,37
1954,14226,37
1955,13121,37
1956,16297,37
1957,12994,37
1958,16152,37
1959,14636,37
1960,16040,37
1961,15793,37
1962,13358,37
1963,12849,37
1964,15182,37
1965,13299,37
1966,16383,37
1967,15381,37
1968,12597,32
1969,15030,37
1970,12435,10
1971,12955,37
1972,18189,37
1973,13946,37
1974,17716,37
1975,13185,37
1976,14840,37
1977,13216,37
1978,13650,37
1979,13533,37
1980,13268,37
1981,15433,37
1982,12937,37
1983,17603,37
1984,16216,37
1985,16377,37
1986,16976,37
1987,12514,20
1988,18210,37
1989,13631,37
1990,14422,37
1991,15648,37
1992,17725,37
1993,15861,37
1994,13072,37
1995,15695,37
1996,14110,37
1997,14059,37
1998,16672,37
1999,16511,37
2000,16256,37
2001,13591,37
2002,14066,37
2003,15483,37
2004,16626,37
2005,15019,37
2006,18270,37
2007,14315,37
2008,17921,37
2009,14041,37
2010,17060,37
2011,16023,37
2012,17133,37
2013,12878,37
2014,14155,37
2015,17043,37
2016,13046,37
2017,14633,37
2018,12948,37
2019,15703,37
2020,14071,37
2021,17134,37
2022,17795,37
2023,12902,37
2024,16444,37
2025,14232,37
2026,14693,37
2027,12407,4
2028,16728,37
2029,16096,37
2030,13985,37
2031,13592,37
2032,15140,37
2033,12843,37
2034,14408,37
2035,15408,37
2036,15445,37
2037,15452,37
2038,14223,37
2039,16619,37
2040,14762,37
2041,13934,37
2042,15669,37
2043,16384,37
2044,18224,37
2045,14245,37
2046,17678,37
2047,15855,37
2048,16036,37
2049,17763,37
2050,13262,37
2051,17152,37
2052,14632,37
2053,13900,37
2054,14875,37
2055,15132,37
2056,17272,37
2057,16135,37
2058,12831,37
2059,15437,37
2060,16809,37
2061,14711,37
2062,14377,37
2063,16374,37
2064,13196,37
2065,15457,37
2066,12613,15
2067,16721,37
2068,12399,4
2069,17733,37
2070,17102,37
2071,15410,37
2072,13239,37
2073,15449,37
2074,14870,37
2075,13821,37
2076,17096,37
2077,12604,14
2078,12818,2
2079,18191,37
2080,14461,37
2081,13132,37
2082,16859,37
2083,15245,37
2084,17486,37
2085,16308,37
2086,12564,14
2087,14607,37
2088,13249,37
2089,15644,37
2090,14075,37
2091,17250,37
2092,17966,37
2093,14129,37
2094,15651,37
2095,13035,37
2096,13341,37
2097,13512,37
2098,16620,37
2099,17698,37
2100,14267,37
2101,13736,37
2102,16022,37
2103,14235,37
2104,16769,37
2105,17754,37
2106,12408,4
2107,16063,37
2108,15178,37
2109,14348,37
2110,15815,37
2111,13695,37
2112,17979,37
2113,13139,37
2114,12545,32
2115,14758,37
2116,14536,37
2117,13662,37
2118,17946,37
2119,13743,37
2120,18078,37
2121,16780,37
2122,18273,37
2123,15045,37
2124,17625,37
2125,13357,37
2126,16777,37
2127,14476,37
2128,16245,37
2129,12669,14
2130,12792,28
2131,17765,37
2132,15083,37
2133,18010,37
2134,15249,37
2135,13760,37
2136,15624,37
2137,17749,37
2138,15068,37
2139,14538,37
2140,14851,37
2141,14021,37
2142,13037,37
2143,18177,37
2144,14128,37
2145,17874,37
2146,17719,37
2147,17931,37
2148,13803,37
2149,17398,37
2150,15906,37
2151,16253,37
2152,13439,37
2153,12888,37
2154,13588,37
2155,12456,34
2156,15521,37
2157,13720,37
2158,15674,37
2159,17594,37
2160,17775,37
2161,13988,37
2162,16657,37
2163,15424,37
2164,13316,37
2165,16788,37
2166,16584,37
2167,15364,37
2168,18108,37
2169,14272,37
2170,15980,37
2171,15832,37
2172,16092,37
2173,15528,37
2174,16398,37
2175,17088,37
2176,17438,37
2177,13060,37
2178,14790,37
2179,14890,37
2180,16386,37
2181,14818,37
2182,13571,37
2183,12909,37
2184,12619,15
2185,16698,37
2186,16681,37
2187,13573,37
2188,14957,37
2189,13918,37
2190,17212,37
2191,17781,37
2192,14886,37
2193,13626,37
2194,16609,37
2195,16180,37
2196,13462,37
2197,18263,37
2198,16960,37
2199,13841,37
2200,17701,37
2201,12949,37
2202,14852,37
2203,12569,15
2204,13169,37
2205,16162,37
2206,15691,37
2207,14195,37
2208,13781,37
2209,17758,37
2210,14023,37
2211,17669,37
2212,16142,37
2213,17648,37
2214,13059,37
2215,16224,37
2216,15223,37
2217,17886,37
2218,13294,37
2219,15289,37
2220,18185,37
2221,17956,37
2222,15756,37
2223,14747,37
2224,14719,37
2225,13015,37
2226,16586,37
2227,16105,37
2228,14546,37
2229,15442,37
2230,16906,37
2231,14535,37
2232,16170,37
2233,15244,37
2234,16696,37
2235,15145,37
2236,17492,37
2237,13525,37
2238,17409,37
2239,17783,37
2240,13863,37
2241,13515,37
2242,15917,37
2243,17440,37
2244,17045,37
2245,17140,37
2246,15201,37
2247,14964,37
2248,16031,37
2249,14403,37
2250,17042,37
2251,13771,37
2252,17906,37
2253,18272,37
2254,16144,37
2255,13731,37
2256,12580,15
2257,14912,20
2258,15530,37
2259,13950,37
2260,13752,37
2261,13892,37
2262,14446,37
2263,16209,37
2264,15754,37
2265,13712,37
2266,15800,37
2267,16469,37
2268,13005,37
2269,14981,37
2270,17928,37
2271,16261,37
2272,17883,37
2273,14619,37
2274,13995,37
2275,16643,37
2276,14246,37
2277,18040,37
2278,16837,37
2279,15119,37
2280,16325,37
2281,14924,37
2282,15109,37
2283,16623,37
2284,12999,37
2285,12717,16
2286,13962,37
2287,18036,37
2288,14958,37
2289,13562,37
2290,15775,37
2291,17054,37
2292,17268,37
2293,13548,37
2294,13508,37
2295,12447,4
2296,13570,37
2297,13232,37
2298,18129,37
2299,13632,37
2300,15665,37
2301,17550,37
2302,15655,37
2303,14286,37
2304,16188,37
2305,12656,14
2306,15214,37
2307,17574,37
2308,15737,37
2309,18080,37
2310,14311,37
2311,14339,37
2312,12982,37
2313,12701,15
2314,12596,32
2315,14273,37
2316,12363,38
2317,13549,37
2318,15414,37
2319,13203,37
2320,14628,37
2321,14326,37
2322,15935,37
2323,13655,37
2324,12910,37
2325,13577,37
2326,15251,37
2327,14111,37
2328,17160,37
2329,16172,37
2330,17972,37
2331,12463,4
2332,14844,37
2333,17278,37
2334,15212,37
2335,16729,37
2336,14998,37
2337,13484,37
2338,16697,37
2339,14931,7
2340,18236,37
2341,13740,37
2342,16454,37
2343,15230,37
2344,15134,37
2345,16309,37
2346,13544,37
2347,14262,37
2348,13134,37
2349,17589,37
2350,16097,37
2351,13122,37
2352,16966,37
2353,17746,37
2354,16175,37
2355,14834,37
2356,16348,37
2357,15147,37
2358,16131,37
2359,15813,37
2360,17058,37
2361,17704,37
2362,16933,37
2363,13772,37
2364,16249,37
2365,14198,37
2366,13989,37
2367,17930,37
2368,14154,37
2369,14482,37
2370,14163,37
2371,14105,37
2372,17601,37
2373,17142,37
2374,13811,15
2375,12457,34
2376,15135,37
2377,16806,37
2378,13952,37
2379,13120,37
2380,12769,5
2381,13516,37
2382,14323,37
2383,18079,37
2384,12639,33
2385,14700,37
2386,15027,37
2387,17367,37
2388,18213,37
2389,17029,37
2390,13220,37
2391,15985,37
2392,16193,37
2393,15172,37
2394,13692,37
2395,15745,37
2396,17582,37
2397,13474,37
2398,17697,37
2399,16639,37
2400,16947,37
2401,15491,37
2402,16617,37
2403,15265,37
2404,16226,37
2405,18009,37
2406,16399,37
2407,14623,37
2408,15625,37
2409,18064,37
2410,15508,37
2411,16628,37
2412,13647,37
2413,15594,37
2414,13479,37
2415,13735,37
2416,13376,37
2417,15717,37
2418,13719,37
2419,16633,37
2420,13101,37
2421,15225,37
2422,14152,37
2423,12733,35
2424,15436,37
2425,17217,37
2426,17734,37
2427,14905,37
2428,14148,37
2429,16103,37
2430,14626,37
2431,14868,37
2432,18246,37
2433,13485,37
2434,15517,37
2435,17115,37
2436,17120,37
2437,16611,37
2438,15912,37
2439,12506,14
2440,12670,14
2441,17588,37
2442,14759,37
2443,16185,37
2444,13505,34
2445,13389,37
2446,12354,32
2447,17631,37
2448,17061,37
2449,17718,37
2450,17630,37
2451,13223,37
2452,16146,37
2453,17109,37
2454,16587,37
2455,12622,15
2456,16750,37
2457,13482,37
2458,14512,37
2459,17670,37
2460,16834,37
2461,15108,12
2462,12429,2
2463,16942,37
2464,14640,37
2465,16823,37
2466,15237,37
2467,12573,14
2468,17854,37
2469,18220,37
2470,17436,37
2471,16965,37
2472,12840,37
2473,15891,37
2474,17187,37
2475,13637,37
2476,17991,37
2477,16418,37
2478,16099,37
2479,15768,37
2480,16637,37
2481,14240,37
2482,15143,37
2483,13229,37
2484,14973,37
2485,14271,37
2486,15952,37
2487,12417,32
2488,16227,37
2489,17893,37
2490,14022,37
2491,15210,37
2492,16370,37
2493,15376,37
2494,14655,37
2495,17615,37
2496,16055,37
2497,14149,37
2498,17501,37
2499,14191,37
2500,13282,37
2501,15582,37
2502,16230,37
2503,18146,37
2504,15976,37
2505,17443,6
2506,12886,37
2507,17974,37
2508,13524,37
2509,17955,37
2510,15128,37
2511,16610,37
2512,17394,37
2513,14173,37
2514,16258,37
2515,14948,37
2516,17384,37
2517,16990,37
2518,13762,37
2519,12593,14
2520,14340,37
2521,17429,37
2522,13711,37
2523,14515,37
2524,16457,37
2525,17527,37
2526,14199,37
2527,13888,37
2528,14423,37
2529,14697,37
2530,17522,37
2531,13867,37
2532,17624,37
2533,14393,37
2534,17578,37
2535,13450,37
2536,17423,37
2537,18241,37
2538,15668,37
2539,16319,37
2540,15757,37
2541,17174,37
2542,13365,37
2543,18227,37
2544,14145,37
2545,18235,37
2546,13741,37
2547,12394,4
2548,16832,37
2549,15258,37
2550,15552,37
2551,18170,37
2552,13723,37
2553,14005,37
2554,15561,37
2555,16121,37
2556,18142,37
2557,13642,37
2558,15117,37
2559,13561,37
2560,15704,37
2561,16007,37
2562,16232,37
2563,17410,37
2564,13835,37
2565,13427,37
2566,14353,37
2567,12700,14
2568,13003,37
2569,16756,37
2570,13492,34
2571,16440,37
2572,18120,37
2573,12355,3
2574,17723,37
2575,14699,37
2576,12821,37
2577,13055,37
2578,13320,37
2579,16357,37
2580,18242,37
2581,15865,37
2582,17597,37
2583,14397,37
2584,13242,37
2585,12684,14
2586,14288,37
2587,15063,37
2588,12592,15
2589,14591,37
2590,13990,37
2591,12749,37
2592,16320,38
2593,14691,37
2594,16229,37
2595,14920,37
2596,17489,37
2597,13404,37
2598,15729,37
2599,16644,37
2600,14731,37
2601,14277,14
2602,15187,37
2603,13052,37
2604,18133,37
2605,17664,37
2606,14649,37
2607,13235,37
2608,14883,37
2609,12976,37
2610,14681,37
2611,14421,37
2612,16116,37
2613,14988,37
2614,15489,37
2615,14364,37
2616,16006,37
2617,16184,37
2618,17932,37
2619,18221,37
2620,12590,15
2621,14853,37
2622,17658,37
2623,17764,37
2624,14651,37
2625,14000,37
2626,13601,37
2627,12757,28
2628,17970,37
2629,12770,21
2630,15826,37
2631,15907,37
2632,12695,14
2633,14342,37
2634,14873,37
2635,14689,37
2636,15440,37
2637,16076,37
2638,15333,37
2639,16283,37
2640,17263,37
2641,16877,37
2642,12674,14
2643,16642,37
2644,12871,37
2645,14038,37
2646,14489,37
2647,14888,37
2648,17190,37
2649,13456,37
2650,17898,37
2651,13976,37
2652,16139,37
2653,15730,37
2654,16266,37
2655,15123,37
2656,17505,37
2657,12690,14
2658,16446,37
2659,17556,37
2660,14583,37
2661,16818,37
2662,13572,37
2663,14009,37
2664,13258,37
2665,14463,37
2666,13192,37
2667,16987,37
2668,13417,37
2669,17047,37
2670,15116,37
2671,17469,37
2672,16647,37
2673,15630,37
2674,17245,37
2675,16008,37
2676,17871,37
2677,13529,37
2678,12620,14
2679,15599,37
2680,16813,37
2681,14859,37
2682,16463,37
2683,15791,37
2684,13658,37
2685,13887,37
2686,12353,3
2687,14551,37
2688,17166,37
2689,17926,37
2690,13391,37
2691,17455,37
2692,13308,37
2693,13856,37
2694,13243,37
2695,15095,37
2696,18048,37
2697,18287,37
2698,18150,37
2699,16690,37
2700,13555,37
2701,16038,37
2702,13972,37
2703,13227,37
2704,13657,37
2705,17176,37
2706,14837,37
2707,14682,37
2708,14921,37
2709,16341,37
2710,14647,37
2711,12710,15
2712,15292,37
2713,15705,37
2714,13339,37
2715,13885,37
2716,12360,2
2717,13546,37
2718,17715,37
2719,18160,37
2720,15434,37
2721,15734,37
2722,13737,37
2723,13213,37
2724,18018,37
2725,15314,37
2726,17521,37
2727,15042,37
2728,12863,37
2729,16091,37
2730,15804,37
2731,14593,37
2732,14287,37
2733,16763,37
2734,14705,37
2735,12562,14
2736,12815,27
2737,14522,37
2738,16448,37
2739,14584,37
2740,12974,37
2741,12987,37
2742,14816,37
2743,15852,37
2744,16624,37
2745,12493,14
2746,18232,37
2747,18073,37
2748,16369,37
2749,14280,37
2750,13135,37
2751,17345,37
2752,16275,37
2753,14338,37
2754,15402,37
2755,12876,4
2756,16323,37
2757,12426,15
2758,14451,37
2759,14823,37
2760,15897,37
2761,17051,37
2762,15925,37
2763,12787,25
2764,15863,37
2765,16483,37
2766,13398,37
2767,13070,37
2768,14819,37
2769,12790,25
2770,15163,37
2771,18204,37
2772,15124,37
2773,12473,15
2774,16969,37
2775,14597,37
2776,13917,37
2777,13062,37
2778,16484,37
2779,15184,37
2780,18135,37
2781,14453,37
2782,17900,37
2783,13437,37
2784,12517,15
2785,16529,37
2786,17531,37
2787,16239,37
2788,14500,37
2789,12455,32
2790,16117,37
2791,13248,37
2792,16967,37
2793,15405,37
2794,16659,37
2795,16880,37
2796,13435,37
2797,13131,37
2798,14891,37
2799,16682,37
2800,15453,37
2801,16963,37
2802,13682,37
2803,15152,37
2804,15462,37
2805,12449,4
2806,15349,37
2807,16849,37
2808,12802,25
2809,15073,37
2810,16298,37
2811,12535,14
2812,18248,37
2813,15386,37
2814,17252,37
2815,14542,37
2816,16825,37
2817,12380,4
2818,18072,37
2819,13643,37
2820,15969,37
2821,13283,37
2822,17015,37
2823,14375,37
2824,17124,37
2825,17987,37
2826,13395,37
2827,17828,24
2828,15743,37
2829,17414,37
2830,14622,37
2831,15609,37
2832,14561,37
2833,16872,37
2834,16358,37
2835,15238,37
2836,13466,37
2837,17360,37
2838,13510,37
2839,12406,10
2840,14241,37
2841,14132,37
2842,14963,37
2843,17169,37
2844,15252,37
2845,17731,37
2846,16113,37
2847,12694,14
2848,16107,37
2849,17483,37
2850,15679,37
2851,13686,37
2852,16581,37
2853,15267,37
2854,17234,37
2855,17797,37
2856,16614,37
2857,12409,34
2858,15411,37
2859,14178,37
2860,15098,37
2861,18281,37
2862,14984,37
2863,12516,15
2864,17265,37
2865,13617,37
2866,17242,37
2867,17289,37
2868,16018,37
2869,14704,37
2870,16794,37
2871,13761,37
2872,13517,37
2873,13936,37
2874,16342,37
2875,14177,37
2876,12732,14
2877,16205,37
2878,15036,37
2879,13589,37
2880,17579,37
2881,15069,37
2882,17349,37
2883,13080,37
2884,13663,37
2885,14503,37
2886,16774,37
2887,13384,37
2888,17101,37
2889,14997,37
2890,17155,37
2891,12809,28
2892,16461,37
2893,13343,37
2894,12624,14
2895,18165,37
2896,17536,37
2897,16324,37
2898,17651,37
2899,14222,37
2900,15585,37
2901,17490,37
2902,16739,37
2903,16276,37
2904,17193,37
2905,16257,37
2906,14285,37
2907,17642,37
2908,12816,27
2909,13826,37
2910,13575,37
2911,17157,37
2912,16852,37
2913,15219,37
2914,15014,37
2915,14765,37
2916,16869,37
2917,15909,37
2918,13618,37
2919,16050,37
2920,17879,37
2921,17562,37
2922,15334,37
2923,12450,32
2924,13568,37
2925,14820,37
2926,16744,37
2927,15700,37
2928,17299,37
2929,12837,37
2930,15076,37
2931,17444,6
2932,15921,37
2933,15747,37
2934,15840,37
2935,15016,37
2936,14808,37
2937,12904,37
2938,15825,37
2939,12432,26
2940,15389,37
2941,15280,37
2942,17159,37
2943,12830,37
2944,15507,37
2945,18252,37
2946,16526,37
2947,17695,37
2948,12930,37
2949,14960,37
2950,12444,26
2951,17960,37
2952,15412,37
2953,13763,37
2954,12798,21
2955,13849,37
2956,16114,37
2957,13420,37
2958,13780,37
2959,17877,37
2960,16247,37
2961,15041,37
2962,12379,4
2963,16287,37
2964,12919,37
2965,15130,37
2966,12704,13
2967,17370,37
2968,17709,37
2969,15253,37
2970,13300,37
2971,17759,37
2972,12465,4
2973,12412,10
2974,12697,33
2975,13937,37
2976,12422,34
2977,12615,14
2978,15850,37
2979,15186,37
2980,13791,37
2981,14795,37
2982,17768,37
2983,18112,37
2984,12548,32
2985,17386,37
2986,14104,37
2987,17110,37
2988,13895,37
2989,16545,37
2990,16671,37
2991,14351,37
2992,17391,37
2993,16824,37
2994,17750,37
2995,16200,37
2996,17997,37
2997,14383,37
2998,13461,37
2999,17408,37
3000,15537,37
3001,14327,37
3002,17837,37
3003,12424,1
3004,15578,37
3005,15584,37
3006,13745,37
3007,16498,37
3008,17891,37
3009,17123,37
3010,16866,37
3011,13730,37
3012,16589,37
3013,12922,37
3014,16009,37
3015,14053,37
3016,17939,37
3017,17312,37
3018,13833,37
3019,17899,37
3020,15007,37
3021,17464,37
3022,18265,37
3023,16344,37
3024,13338,37
3025,17024,37
3026,14034,37
3027,18203,37
3028,16616,37
3029,16338,37
3030,17046,37
3031,13109,37
3032,16829,37
3033,13217,37
3034,14002,37
3035,12977,37
3036,13291,37
3037,13583,37
3038,16929,37
3039,17892,37
3040,15505,37
3041,14459,37
3042,18013,37
3043,13681,37
3044,13699,37
3045,14493,37
3046,13486,37
3047,13302,37
3048,16012,37
3049,12635,15
3050,17031,37
3051,12461,34
3052,12648,15
3053,18121,37
3054,15901,37
3055,14918,37
3056,15920,37
3057,17353,37
3058,18024,37
3059,15467,37
3060,16174,37
3061,13678,37
3062,14690,37
3063,13058,37
3064,14552,37
3065,12556,32
3066,13224,37
3067,16989,37
3068,12358,2
3069,13207,37
3070,18122,37
3071,12722,14
3072,17405,37
3073,13311,37
3074,15051,37
3075,15895,37
3076,15795,37
3077,13669,37
3078,16450,37
3079,13667,37
3080,14400,37
3081,12405,13
3082,14265,38
3083,14847,37
3084,14862,37
3085,16488,37
3086,15256,37
3087,14716,37
3088,13933,37
3089,14857,37
3090,15306,37
3091,15839,37
3092,13994,37
3093,17554,37
3094,14332,37
3095,17266,37
3096,17948,37
3097,15004,37
3098,14722,37
3099,13507,37
3100,13967,37
3101,16054,37
3102,12833,37
3103,16474,37
3104,17984,37
3105,12589,14
3106,17448,37
3107,16762,37
3108,15369,37
3109,13154,37
3110,13940,37
3111,14029,37
3112,14117,37
3113,13167,37
3114,17779,37
3115,13991,37
3116,18101,37
3117,17065,37
3118,13827,37
3119,12560,15
3120,16764,37
3121,18180,37
3122,12521,15
3123,17866,37
3124,15802,37
3125,17229,37
3126,14456,37
3127,16464,37
3128,17962,37
3129,16149,37
3130,14259,37
3131,18143,37
3132,17935,37
3133,14517,37
3134,17694,37
3135,17660,37
3136,16041,37
3137,15623,37
3138,15829,37
3139,15232,37
3140,12438,26
3141,12627,15
3142,13079,37
3143,18262,37
3144,13563,37
3145,15506,37
3146,16305,37
3147,12864,37
3148,17724,37
3149,17703,37
3150,13116,37
3151,14019,37
3152,17649,37
3153,16178,37
3154,17040,37
3155,14100,37
3156,16557,37
3157,13296,37
3158,13814,15
3159,16364,37
3160,17693,37
3161,15372,37
3162,15618,37
3163,13930,37
3164,13379,37
3165,13194,37
3166,16447,37
3167,14305,37
3168,12397,4
3169,14331,37
3170,15261,37
3171,15105,37
3172,13813,15
3173,18268,37
3174,14855,37
3175,13925,37
3176,18237,37
3177,12453,2
3178,15639,37
3179,15118,37
3180,15746,37
3181,12743,38
3182,15942,37
3183,14143,37
3184,15120,37
3185,16147,37
3186,13277,37
3187,18127,37
3188,15149,37
3189,18081,37
3190,14511,37
3191,12716,14
3192,15776,37
3193,12981,37
3194,13106,37
3195,13928,37
3196,14885,37
3197,13388,37
3198,15438,37
3199,17173,37
3200,17941,37
3201,14947,37
3202,17053,37
3203,12534,15
3204,12844,37
3205,14567,37
3206,14937,7
3207,12828,37
3208,16984,37
3209,13023,37
3210,17553,37
3211,13075,37
3212,15342,37
3213,12644,15
3214,12378,34
3215,17788,37
3216,13850,37
3217,14076,37
3218,13805,37
3219,17887,37
3220,13186,37
3221,12750,27
3222,15374,37
3223,17656,37
3224,16102,37
3225,15089,37
3226,14972,37
3227,17514,37
3228,12917,37
3229,12689,14
3230,14768,37
3231,17584,37
3232,15254,37
3233,18099,37
3234,15205,37
3235,13218,37
3236,17267,37
3237,16302,37
3238,13513,37
3239,14720,37
3240,18282,37
3241,12610,20
3242,13200,37
3243,14079,37
3244,17298,37
3245,14024,37
3246,16066,37
3247,15198,37
3248,12885,37
3249,17331,37
3250,13016,37
3251,13500,37
3252,15247,37
3253,13355,37
3254,16053,37
3255,13919,10
3256,12384,34
3257,16292,37
3258,12571,14
3259,14116,37
3260,14495,37
3261,15494,37
3262,15608,37
3263,17248,37
3264,17653,37
3265,13645,37
3266,15469,37
3267,13307,37
3268,12381,26
3269,17122,37
3270,14406,37
3271,15683,37
3272,14301,37
3273,14658,37
3274,13621,37
3275,16272,37
3276,17958,37
3277,16836,37
3278,16961,37
3279,16902,37
3280,15706,37
3281,15480,24
3282,15315,37
3283,15653,37
3284,13159,37
3285,13189,37
3286,17637,37
3287,12641,33
3288,13470,37
3289,15786,37
3290,15541,37
3291,16734,37
3292,16706,37
3293,17070,37
3294,12688,19
3295,12729,14
3296,12962,37
3297,13273,37
3298,17736,37
3299,15472,37
3300,12680,14
3301,16582,37
3302,17747,37
3303,12513,14
3304,15396,37
3305,12418,34
3306,16828,37
3307,14712,37
3308,12991,37
3309,14772,37
3310,12364,4
3311,12968,37
3312,16330,37
3313,14566,7
3314,15701,37
3315,12518,15
3316,14529,37
3317,16536,37
3318,15313,37
3319,15801,37
3320,16201,37
3321,16555,37
3322,16952,37
3323,14387,37
3324,17073,37
3325,18147,37
3326,14523,37
3327,14418,37
3328,12642,15
3329,16968,37
3330,16723,37
3331,13411,37
3332,16340,37
3333,13236,37
3334,14196,37
3335,15263,37
3336,14314,37
3337,16093,37
3338,17844,6
3339,14687,37
3340,14050,37
3341,16429,37
3342,14055,37
3343,12715,33
3344,15663,37
3345,18200,37
3346,18167,37
3347,13644,37
3348,17451,37
3349,16641,37
3350,13812,15
3351,14141,37
3352,15074,37
3353,12492,15
3354,17183,37
3355,15325,37
3356,13778,37
3357,14869,37
3358,14096,37
3359,14108,37
3360,12814,27
3361,15866,37
3362,14660,37
3363,13726,37
3364,15690,37
3365,17777,37
3366,16278,37
3367,13276,37
3368,12436,26
3369,13147,37
3370,13045,37
3371,13099,37
3372,12739,36
3373,14420,37
3374,14436,37
3375,18027,37
3376,12794,28
3377,12832,37
3378,16674,37
3379,12375,13
3380,16173,37
3381,14171,37
3382,13434,37
3383,16761,37
3384,14067,37
3385,13808,37
3386,12851,37
3387,14335,15
3388,14965,37
3389,15136,37
3390,16629,37
3391,18261,37
3392,15307,37
3393,16820,37
3394,17309,37
3395,13949,37
3396,14360,37
3397,16400,37
3398,14208,37
3399,12526,15
3400,13130,37
3401,13210,37
3402,17481,37
3403,12685,14
3404,17573,37
3405,14452,37
3406,13889,37
3407,15488,37
3408,18222,37
3409,13244,37
3410,17004,37
3411,13441,37
3412,13823,37
3413,12879,37
3414,16603,37
3415,14824,37
3416,16910,37
3417,15652,37
3418,16362,37
3419,15035,37
3420,14508,37
3421,13272,37
3422,17317,37
3423,14212,37
3424,13372,37
3425,18255,37
3426,14250,37
3427,16796,37
3428,14432,37
3429,15782,37
3430,12883,37
3431,12965,37
3432,15533,37
3433,18215,37
3434,18158,37
3435,13375,37
3436,13431,37
3437,16211,37
3438,12884,37
3439,16141,37
3440,17919,37
3441,16360,37
3442,17433,37
3443,13704,37
3444,14020,37
3445,14359,37
3446,16451,37
3447,12940,37
3448,15216,37
3449,15522,37
3450,17037,37
3451,12822,37
3452,15343,37
3453,14753,37
3454,16959,37
3455,18251,37
3456,13032,37
3457,12895,37
3458,17640,37
3459,13860,37
3460,12756,21
3461,18001,37
3462,17728,37
3463,15933,37
3464,14284,37
3465,17347,37
3466,15103,37
3467,15707,37
3468,13430,37
3469,12566,15
3470,13321,37
3471,13877,37
3472,15272,37
3473,15322,37
3474,17333,37
3475,13518,37
3476,14306,37
3477,17679,37
3478,16160,37
3479,15573,37
3480,14894,37
3481,17434,37
3482,15466,37
3483,15511,37
3484,17846,37
3485,16189,37
3486,15417,37
3487,12995,37
3488,14557,37
3489,16108,37
3490,17144,37
3491,16924,37
3492,15099,37
3493,13323,37
3494,14124,37
3495,15975,37
3496,15523,37
3497,16878,37
3498,15947,37
3499,13247,37
3500,13566,37
3501,18194,37
3502,16689,37
3503,16438,37
3504,13067,37
3505,12457,8
3506,16460,37
3507,13325,37
3508,12640,14
3509,13774,37
3510,12497,15
3511,12752,26
3512,15504,37
3513,15500,37
3514,17557,37
3515,13228,37
3516,14356,37
3517,13416,37
3518,17628,37
3519,16527,37
3520,16428,37
3521,15341,37
3522,16215,37
3523,14164,37
3524,15888,37
3525,17564,37
3526,13356,37
3527,12390,4
3528,18228,37
3529,17415,37
3530,13350,37
3531,12550,32
3532,16627,37
3533,17475,37
3534,14951,37
3535,14780,37
3536,14887,37
3537,15399,37
3538,17466,37
3539,16379,37
3540,17172,37
3541,15239,37
3542,16213,37
3543,15603,37
3544,14261,37
3545,12657,14
3546,15571,37
3547,15484,37
3548,12936,37
3549,16236,37
3550,16669,37
3551,15398,37
3552,12906,37
3553,17079,37
3554,14125,37
3555,17163,37
3556,12952,37
3557,12579,14
3558,13279,37
3559,12425,28
3560,16715,37
3561,13519,37
3562,12546,32
3563,15744,37
3564,13127,37
3565,15714,37
3566,17480,37
3567,15763,37
3568,15075,37
3569,16978,37
3570,14014,37
3571,16240,37
3572,13336,37
3573,14652,37
3574,15807,37
3575,15762,37
3576,15475,37
3577,15978,37
3578,16485,37
3579,12488,14
3580,13083,37
3581,16169,37
3582,17506,37
3583,16480,37
3584,17006,37
3585,17498,37
3586,17131,37
3587,13536,37
3588,15429,37
3589,17154,37
3590,16594,37
3591,16049,37
3592,14757,37
3593,16198,37
3594,13670,37
3595,18066,37
3596,14806,37
3597,12783,28
3598,13429,37
3599,15154,37
3600,13390,37
3601,12925,37
3602,13927,37
3603,18205,37
3604,14908,37
3605,13639,37
3606,15958,37
3607,15492,37
3608,15243,37
3609,16468,37
3610,15344,37
3611,13866,37
3612,12612,15
3613,16999,37
3614,13514,37
3615,13314,37
3616,17805,37
3617,18278,37
3618,13979,37
3619,16181,37
3620,15568,37
3621,16354,37
3622,14412,37
3623,16119,37
3624,14109,37
3625,16157,37
3626,15348,37
3627,16281,37
3628,13924,37
3629,14434,37
3630,13061,37
3631,17513,37
3632,16909,37
3633,16650,37
3634,18192,37
3635,17447,37
3636,17427,37
3637,15175,37
3638,13960,37
3639,17528,37
3640,16361,37
3641,13886,37
3642,13354,37
3643,15050,37
3644,13503,37
3645,16653,37
3646,16574,37
3647,13759,37
3648,17813,37
3649,12718,14
3650,15949,37
3651,12703,15
3652,13364,37
3653,16268,37
3654,18053,37
3655,16101,37
3656,15565,37
3657,18217,37
3658,13954,37
3659,15593,37
3660,13095,37
3661,15287,37
3662,13347,37
3663,15185,37
3664,16404,37
3665,16613,37
3666,16591,37
3667,15774,37
3668,13558,37
3669,16930,37
3670,16533,37
3671,18059,37
3672,14488,37
3673,16747,37
3674,14333,37
3675,13635,37
3676,17330,37
3677,17321,37
3678,14815,37
3679,15091,37
3680,15088,37
3681,15930,37
3682,16183,37
3683,13297,37
3684,13801,37
3685,16881,37
3686,17014,37
3687,15255,37
3688,14184,37
3689,13351,37
3690,15739,37
3691,12512,19
3692,17957,37
3693,15276,37
3694,15127,37
3695,16106,37
3696,17666,37
3697,13483,37
3698,16478,37
3699,17382,37
3700,12789,25
3701,16020,37
3702,17222,37
3703,16803,37
3704,13947,37
3705,16758,37
3706,12719,14
3707,17647,37
3708,14054,37
3709,12723,14
3710,18033,37
3711,13845,37
3712,15837,37
3713,12628,15
3714,13177,37
3715,14317,37
3716,16295,37
3717,13602,37
3718,16895,37
3719,17295,37
3720,13504,37
3721,13422,37
3722,15264,37
3723,16432,37
3724,13816,15
3725,14518,37
3726,13882,37
3727,15937,37
3728,12923,37
3729,17453,37
3730,15766,37
3731,15300,37
3732,13348,37
3733,14592,37
3734,14792,37
3735,12394,10
3736,17030,37
3737,12420,8
3738,14427,37
3739,12519,15
3740,13359,37
3741,14138,37
3742,15297,37
3743,13876,37
3744,12740,14
3745,17086,37
3746,13806,37
3747,18096,37
3748,13587,37
3749,12856,37
3750,13419,37
3751,17509,37
3752,16900,37
3753,13689,37
3754,13755,37
3755,16104,37
3756,13259,37
3757,16248,37
3758,15612,37
3759,15787,37
3760,16595,37
3761,13260,37
3762,15821,37
3763,18088,37
3764,16685,37
3765,13193,37
3766,13212,37
3767,14801,37
3768,16380,37
3769,16921,37
3770,15193,37
3771,14027,37
3772,16179,37
3773,15473,37
3774,17425,37
3775,18169,37
3776,18126,37
3777,16688,37
3778,16982,37
3779,15330,37
3780,17186,37
3781,13685,37
3782,16776,37
3783,13980,37
3784,13352,37
3785,15553,37
3786,15886,37
3787,17203,37
3788,12607,35
3789,17459,37
3790,12772,28
3791,16561,37
3792,14121,37
3793,12371,34
3794,17119,37
3795,17620,37
3796,12824,37
3797,14710,37
3798,16120,37
3799,14624,37
3800,16171,37
3801,12536,14
3802,13690,37
3803,17934,37
3804,14642,37
3805,12602,14
3806,16753,37
3807,17737,37
3808,13464,37
3809,12667,13
3810,12498,15
3811,14537,37
3812,17279,37
3813,14251,37
3814,12446,29
3815,12631,13
3816,14234,37
3817,14975,37
3818,13853,37
3819,16773,37
3820,16430,37
3821,16793,37
3822,18130,37
3823,17614,37
3824,13858,37
3825,14856,37
3826,14089,37
3827,15478,37
3828,16413,37
3829,13810,15
3830,16416,37
3831,13006,37
3832,17986,37
3833,12454,32
3834,14910,37
3835,16243,37
3836,13878,37
3837,16934,37
3838,15994,37
3839,14547,37
3840,16052,37
3841,15113,37
3842,12475,15
3843,16542,37
3844,18042,37
3845,16563,37
3846,17201,37
3847,17520,37
3848,13923,37
3849,16412,37
3850,17205,37
3851,17534,37
3852,15335,37
3853,16737,37
3854,15066,37
3855,17206,37
3856,17785,37
3857,16932,37
3858,16363,37
3859,14830,37
3860,17244,37
3861,15355,37
3862,15598,37
3863,15637,37
3864,16848,37
3865,15678,37
3866,14015,37
3867,13594,37
3868,15327,37
3869,14861,37
3870,14554,37
3871,12611,20
3872,14179,37
3873,15604,37
3874,14381,37
3875,12572,15
3876,16123,37
3877,16851,37
3878,17148,37
3879,17549,37
3880,17973,37
3881,15610,37
3882,15853,37
3883,18019,37
3884,14698,37
3885,16826,37
3886,17824,37
3887,12522,15
3888,15803,37
3889,15006,37
3890,17350,37
3891,14799,37
3892,15814,37
3893,16260,37
3894,14638,37
3895,17354,37
3896,13245,37
3897,14923,37
3898,16177,37
3899,13366,37
3900,16284,37
3901,16846,37
3902,14484,37
3903,13897,37
3904,14585,37
3905,17125,37
3906,15836,37
3907,16313,37
3908,13460,37
3909,12403,10
3910,14967,37
3911,15286,37
3912,17832,37
3913,12646,35
3914,16015,37
3915,16311,37
3916,15728,37
3917,15740,37
3918,13974,37
3919,15677,37
3920,15000,37
3921,16017,37
3922,13471,37
3923,13598,37
3924,18005,37
3925,15427,37
3926,15022,37
3927,17111,37
3928,17836,37
3929,14629,37
3930,15592,37
3931,15277,37
3932,16491,37
3933,15516,37
3934,14764,37
3935,16742,37
3936,15142,37
3937,17344,37
3938,18240,37
3939,17081,37
3940,14474,37
3941,14139,37
3942,15844,37
3943,13176,37
3944,12398,34
3945,15345,37
3946,16708,37
3947,15963,37
3948,18045,37
3949,13182,37
3950,15158,37
3951,13028,37
3952,13978,37
3953,16056,37
3954,12812,21
3955,16071,37
3956,14539,37
3957,14550,37
3958,17712,37
3959,14102,37
3960,14598,37
3961,15320,37
3962,16415,37
3963,12448,32
3964,12827,37
3965,16345,37
3966,15993,37
3967,17895,37
3968,15948,37
3969,15659,37
3970,18154,37
3971,12630,13
3972,13363,37
3973,18276,37
3974,17684,37
3975,17878,37
3976,14752,37
3977,16847,37
3978,14971,37
3979,17545,37
3980,16026,37
3981,16513,37
3982,12430,26
3983,14357,37
3984,16855,37
3985,16680,37
3986,18035,37
3987,16648,37
3988,16164,37
3989,14218,37
3990,15096,37
3991,18030,37
3992,14416,37
3993,17839,37
3994,16601,37
3995,12912,37
3996,13278,37
3997,14582,37
3998,15748,37
3999,16079,37
4000,17590,37
4001,15054,37
4002,14158,37
4003,15385,37
4004,16506,37
4005,13822,37
4006,18067,37
4007,16190,37
4008,15444,37
4009,13607,37
4010,12581,15
4011,15360,37
4012,13103,37
4013,15667,37
4014,13651,37
4015,12552,20
4016,16127,37
4017,12588,13
4018,15977,37
4019,13697,37
4020,14345,37
4021,17503,37
4022,16830,37
4023,17495,37
4024,12491,14
4025,14485,37
4026,13868,37
4027,15423,37
4028,17668,37
4029,16971,37
4030,16352,37
4031,16884,37
4032,15830,37
4033,14216,37
4034,15275,37
4035,16790,37
4036,15576,37
4037,18105,37
4038,18164,37
4039,14974,37
4040,17947,37
4041,13318,37
4042,18104,37
4043,13271,37
4044,17595,37
4045,14528,37
4046,17432,37
4047,16337,37
4048,14098,37
4049,15551,37
4050,16347,37
4051,13721,37
4052,16322,37
4053,17403,37
4054,16914,37
4055,16602,37
4056,12544,32
4057,13914,37
4058,13467,37
4059,17221,37
4060,17078,37
4061,13447,37
4062,15010,37
4063,18022,37
4064,16318,37
4065,17274,37
4066,15597,37
4067,17233,37
4068,16887,37
4069,13938,37
4070,17084,37
4071,14882,37
4072,15017,37
4073,12882,37
4074,17387,37
4075,13727,37
4076,13532,37
4077,16445,37
4078,15156,37
4079,16372,37
4080,17608,37
4081,12638,33
4082,14174,37
4083,14039,37
4084,13040,37
4085,15883,37
4086,14664,37
4087,15526,37
4088,17831,37
4089,15025,37
4090,12357,34
4091,17761,37
4092,15870,37
4093,14080,37
4094,17623,37
4095,13673,37
4096,14073,37
4097,16070,37
4098,13066,37
4099,14929,37
4100,13710,37
4101,16732,37
4102,14140,37
4103,17219,37
4104,16505,37
4105,15957,37
4106,18123,37
4107,15043,37
4108,17313,37
4109,18216,37
4110,17022,37
4111,15153,37
4112,16759,37
4113,16751,37
4114,12893,37
4115,14836,37
4116,17011,37
4117,12532,14
4118,17038,37
4119,14968,37
4120,12504,15
4121,16516,37
4122,13522,37
4123,15986,37
4124,13992,37
4125,14354,37
4126,16986,37
4127,16953,37
4128,18274,37
4129,15450,37
4130,15531,37
4131,17500,37
4132,17197,37
4133,16025,37
4134,12659,14
4135,17461,37
4136,17791,37
4137,15463,37
4138,17977,37
4139,12617,14
4140,14863,37
4141,16903,37
4142,12508,14
4143,17502,37
4144,12538,32
4145,17901,37
4146,14789,37
4147,18209,37
4148,12985,37
4149,15557,37
4150,16433,37
4151,15692,37
4152,17052,37
4153,16368,37
4154,18014,37
4155,13732,37
4156,13091,37
4157,14661,37
4158,13170,37
4159,15654,37
4160,13146,37
4161,14788,37
4162,13603,37
4163,14382,37
4164,16720,37
4165,14904,37
4166,14494,37
4167,14902,37
4168,16936,37
4169,12938,37
4170,15168,37
4171,17538,37
4172,18082,37
4173,18117,37
4174,15458,37
4175,17566,37
4176,16207,37
4177,12762,28
4178,17793,37
4179,14953,37
4180,16504,37
4181,12374,2
4182,15009,37
4183,16423,37
4184,15419,37
4185,17510,37
4186,15758,37
4187,15524,37
4188,14725,37
4189,14666,37
4190,14714,37
4191,17153,37
4192,12950,37
4193,15720,37
4194,18181,37
4195,15556,37
4196,17357,37
4197,12890,37
4198,13449,37
4199,15269,37
4200,14385,37
4201,15900,37
4202,17680,37
4203,13926,37
4204,16204,37
4205,17896,37
4206,17835,37
4207,15432,37
4208,18006,37
4209,15657,37
4210,17237,37
4211,13160,37
4212,12847,37
4213,17397,37
4214,17985,37
4215,14362,37
4216,13828,37
4217,15435,37
4218,12445,32
4219,12603,15
4220,14641,37
4221,12618,20
4222,15621,37
4223,12391,8
4224,18034,37
4225,17286,37
4226,17904,37
4227,17301,37
4228,15368,37
4229,14793,37
4230,17650,37
4231,12702,15
4232,14881,37
4233,16784,37
4234,14052,37
4235,18110,37
4236,17561,37
4237,15988,37
4238,17523,37
4239,14950,37
4240,16666,37
4241,14860,37
4242,17636,37
4243,13832,37
4244,13142,37
4245,16366,37
4246,14300,37
4247,12349,20
4248,12658,15
4249,12795,28
4250,15567,37
4251,15645,37
4252,16406,37
4253,15857,37
4254,12984,37
4255,17253,37
4256,13739,37
4257,18139,37
4258,15274,37
4259,17010,37
4260,15115,37
4261,17100,37
4262,15699,37
4263,13403,37
4264,16956,37
4265,17600,37
4266,15877,37
4267,14424,37
4268,13322,37
4269,17297,37
4270,13986,37
4271,12920,37
4272,18249,37
4273,15634,37
4274,16376,37
4275,16811,37
4276,12452,34
4277,14581,37
4278,14675,37
4279,17290,37
4280,16343,37
4281,13638,37
4282,16482,37
4283,12784,28
4284,17458,37
4285,14785,37
4286,17254,37
4287,17767,37
4288,15725,37
4289,17247,37
4290,18184,37
4291,15428,37
4292,17727,37
4293,14756,37
4294,16856,37
4295,14703,37
4296,17385,37
4297,12531,15
4298,15872,37
4299,14966,37
4300,17232,37
4301,17468,37
4302,13332,37
4303,14946,37
4304,13256,37
4305,13596,37
4306,16024,37
4307,14954,37
4308,17885,37
4309,14093,37
4310,14893,37
4311,15721,37
4312,17852,37
4313,13844,37
4314,12479,15
4315,12660,14
4316,15540,37
4317,17379,37
4318,16800,37
4319,17806,37
4320,17359,37
4321,13188,37
4322,14480,37
4323,13349,37
4324,15619,37
4325,15148,37
4326,14601,37
4327,15783,37
4328,17772,37
4329,14126,37
4330,16479,37
4331,13428,37
4332,15790,37
4333,13521,37
4334,14349,37
4335,18058,37
4336,12953,37
4337,12966,37
4338,15060,37
4339,17911,37
4340,14804,37
4341,15904,37
4342,16789,37
4343,12558,35
4344,17942,37
4345,12587,13
4346,13560,37
4347,15539,37
4348,13017,37
4349,18174,37
4350,13153,37
4351,15773,37
4352,17936,37
4353,16535,37
4354,16988,37
4355,15097,37
4356,18015,37
4357,16597,37
4358,13790,37
4359,14219,37
4360,12367,10
4361,17383,37
4362,12478,16
4363,15992,37
4364,15318,37
4365,17914,37
4366,16528,37
4367,12442,32
4368,16569,37
4369,12650,14
4370,14578,37
4371,16000,37
4372,15195,37
4373,14087,37
4374,14204,37
4375,15471,37
4376,13436,37
4377,15520,37
4378,13298,37
4379,14569,37
4380,12713,15
